{"cameraMode":{"drawMode":0,"name":"Shaded","section":"Shading Mode"},"sceneLighting":false,"audioPlay":false,"sceneViewState":{"showFog":true,"showMaterialUpdate":false,"showSkybox":false,"showFlares":true,"showImageEffects":true,"showParticleSystems":true},"in2DMode":false,"pivot":{"x":474.11199951171877,"y":4.991040229797363,"z":259.8450012207031},"rotation":{"x":0.18201513588428498,"y":0.4545253813266754,"z":-0.09545242786407471,"w":0.8667012453079224},"size":3.3157665729522707,"orthographic":false}