{"cameraMode":{"drawMode":0,"name":"Shaded","section":"Shading Mode"},"sceneLighting":false,"audioPlay":false,"sceneViewState":{"showFog":true,"showMaterialUpdate":false,"showSkybox":false,"showFlares":true,"showImageEffects":true,"showParticleSystems":true},"in2DMode":false,"pivot":{"x":250.7010040283203,"y":2.8390402793884279,"z":247.3904571533203},"rotation":{"x":-0.0074215536005795,"y":-0.991854727268219,"z":0.0688559040427208,"w":-0.10693031549453736},"size":10.785592079162598,"orthographic":false}