{"cameraMode":{"drawMode":0,"name":"Shaded","section":"Shading Mode"},"sceneLighting":false,"audioPlay":false,"sceneViewState":{"showFog":true,"showMaterialUpdate":false,"showSkybox":true,"showFlares":true,"showImageEffects":true,"showParticleSystems":true},"in2DMode":false,"pivot":{"x":569.7890625,"y":405.64715576171877,"z":6.25140380859375},"rotation":{"x":0.036296311765909198,"y":-0.01767711155116558,"z":0.0006422566366381943,"w":0.999191164970398},"size":995.0860595703125,"orthographic":false}