{"cameraMode":{"drawMode":0,"name":"Shaded","section":"Shading Mode"},"sceneLighting":false,"audioPlay":false,"sceneViewState":{"showFog":true,"showMaterialUpdate":false,"showSkybox":false,"showFlares":true,"showImageEffects":true,"showParticleSystems":true},"in2DMode":false,"pivot":{"x":473.4354553222656,"y":4.875098705291748,"z":260.7340393066406},"rotation":{"x":0.18201513588428498,"y":0.4545253813266754,"z":-0.09545242786407471,"w":0.8667012453079224},"size":3.0157666206359865,"orthographic":false}