{"cameraMode":{"drawMode":0,"name":"Shaded","section":"Shading Mode"},"sceneLighting":false,"audioPlay":false,"sceneViewState":{"showFog":true,"showMaterialUpdate":false,"showSkybox":true,"showFlares":true,"showImageEffects":true,"showParticleSystems":true},"in2DMode":false,"pivot":{"x":4.506307601928711,"y":1.915924072265625,"z":22.639150619506837},"rotation":{"x":-0.29251042008399966,"y":-0.14248552918434144,"z":0.04412239417433739,"w":-0.9445710182189941},"size":33.76826095581055,"orthographic":false}