{"cameraMode":{"drawMode":0,"name":"Shaded","section":"Shading Mode"},"sceneLighting":false,"audioPlay":false,"sceneViewState":{"showFog":true,"showMaterialUpdate":false,"showSkybox":false,"showFlares":true,"showImageEffects":true,"showParticleSystems":true},"in2DMode":false,"pivot":{"x":1.1133108139038087,"y":-0.7707817554473877,"z":0.9361358880996704},"rotation":{"x":-0.16488538682460786,"y":-0.7411049008369446,"z":0.19700008630752564,"w":-0.6202998757362366},"size":11.86116886138916,"orthographic":false}