{"cameraMode":{"drawMode":0,"name":"Shaded","section":"Shading Mode"},"sceneLighting":false,"audioPlay":false,"sceneViewState":{"showFog":true,"showMaterialUpdate":false,"showSkybox":false,"showFlares":true,"showImageEffects":true,"showParticleSystems":true},"in2DMode":false,"pivot":{"x":0.5580334663391113,"y":2.209104061126709,"z":0.2586698532104492},"rotation":{"x":0.1710210144519806,"y":0.19833417236804963,"z":-0.035189688205718997,"w":0.9644761681556702},"size":12.013412475585938,"orthographic":false}