{"cameraMode":{"drawMode":0,"name":"Shaded","section":"Shading Mode"},"sceneLighting":false,"audioPlay":false,"sceneViewState":{"showFog":true,"showMaterialUpdate":false,"showSkybox":false,"showFlares":true,"showImageEffects":true,"showParticleSystems":true},"in2DMode":false,"pivot":{"x":-1.8926374912261963,"y":-0.05043315887451172,"z":1.6022088527679444},"rotation":{"x":0.08221685141324997,"y":-0.7436294555664063,"z":0.09306639432907105,"w":0.6569830179214478},"size":14.730195999145508,"orthographic":false}