{"cameraMode":{"drawMode":0,"name":"Shaded","section":"Shading Mode"},"sceneLighting":false,"audioPlay":false,"sceneViewState":{"showFog":true,"showMaterialUpdate":false,"showSkybox":false,"showFlares":true,"showImageEffects":true,"showParticleSystems":true},"in2DMode":false,"pivot":{"x":-0.5427186489105225,"y":5.064913749694824,"z":-2.0604758262634279},"rotation":{"x":-0.1728961318731308,"y":-0.19480283558368684,"z":0.03490356728434563,"w":-0.9648663997650147},"size":4.915355682373047,"orthographic":false}