{"cameraMode":{"drawMode":0,"name":"Shaded","section":"Shading Mode"},"sceneLighting":false,"audioPlay":false,"sceneViewState":{"showFog":true,"showMaterialUpdate":false,"showSkybox":false,"showFlares":true,"showImageEffects":true,"showParticleSystems":true},"in2DMode":false,"pivot":{"x":249.97952270507813,"y":1.259786605834961,"z":241.78173828125},"rotation":{"x":0.0027142572216689588,"y":-0.9906631112098694,"z":0.134870707988739,"w":0.01992114633321762},"size":17.72385025024414,"orthographic":false}