{"cameraMode":{"drawMode":0,"name":"Shaded","section":"Shading Mode"},"sceneLighting":false,"audioPlay":false,"sceneViewState":{"showFog":true,"showMaterialUpdate":false,"showSkybox":false,"showFlares":true,"showImageEffects":true,"showParticleSystems":true},"in2DMode":false,"pivot":{"x":0.8532769680023193,"y":0.29123497009277346,"z":0.6538517475128174},"rotation":{"x":-0.08554230630397797,"y":0.8928695321083069,"z":-0.19171012938022614,"w":-0.39841610193252566},"size":2.684783697128296,"orthographic":false}